date,prix_electricite,consommation,production,solde_import_export
2022-01-01 00:00:00,277.45,58061,46878,-11183
2022-01-01 01:00:00,126.84,50176,64372,14196
2022-01-01 02:00:00,275.94,58384,51766,-6618
2022-01-01 03:00:00,90.14,58130,59841,1711
2022-01-01 04:00:00,245.63,52480,44671,-7809
2022-01-01 05:00:00,184.99,46650,45036,-1614
2022-01-01 06:00:00,223.9,47329,56469,9140
2022-01-01 07:00:00,55.94,49207,53733,4526
2022-01-01 08:00:00,92.62,62025,52535,-9490
2022-01-01 09:00:00,278.05,64075,46428,-17647
2022-01-01 10:00:00,241.12,63718,65771,2053
2022-01-01 11:00:00,288.03,52941,50952,-1989
2022-01-01 12:00:00,289.44,57018,50738,-6280
2022-01-01 13:00:00,55.79,45878,56532,10654
2022-01-01 14:00:00,160.71,46014,62210,16196
2022-01-01 15:00:00,213.25,59316,65947,6631
2022-01-01 16:00:00,86.89,46514,62878,16364
2022-01-01 17:00:00,62.76,46164,59954,13790
2022-01-01 18:00:00,61.64,59002,46527,-12475
2022-01-01 19:00:00,145.9,50858,61727,10869
2022-01-01 20:00:00,274.55,48988,52661,3673
2022-01-01 21:00:00,232.55,58847,53225,-5622
2022-01-01 22:00:00,283.22,63981,45385,-18596
2022-01-01 23:00:00,165.59,52434,55092,2658
2022-01-02 00:00:00,172.04,47140,53800,6660
2022-01-02 01:00:00,213.49,48720,55421,6701
2022-01-02 02:00:00,89.99,64031,48240,-15791
2022-01-02 03:00:00,282.25,55812,57228,1416
2022-01-02 04:00:00,55.71,47700,57853,10153
2022-01-02 05:00:00,97.15,64908,55735,-9173
2022-01-02 06:00:00,133.38,50377,62964,12587
2022-01-02 07:00:00,105.01,51824,54068,2244
2022-01-02 08:00:00,83.23,63531,56154,-7377
2022-01-02 09:00:00,249.13,60731,60857,126
2022-01-02 10:00:00,176.45,63256,65104,1848
2022-01-02 11:00:00,283.03,52938,54331,1393
2022-01-02 12:00:00,54.03,45671,51015,5344
2022-01-02 13:00:00,161.47,50888,64931,14043
2022-01-02 14:00:00,90.11,53327,58240,4913
2022-01-02 15:00:00,128.79,48967,47428,-1539
2022-01-02 16:00:00,186.45,58409,59181,772
2022-01-02 17:00:00,173.55,47262,48907,1645
2022-01-02 18:00:00,131.73,61947,45711,-16236
2022-01-02 19:00:00,121.98,51140,59043,7903
2022-01-02 20:00:00,124.7,48398,54850,6452
2022-01-02 21:00:00,52.37,52165,46364,-5801
2022-01-02 22:00:00,151.97,51015,47153,-3862
2022-01-02 23:00:00,80.07,64522,48322,-16200
2022-01-03 00:00:00,215.65,63301,45212,-18089
2022-01-03 01:00:00,141.68,62911,61934,-977
2022-01-03 02:00:00,289.51,52093,49550,-2543
2022-01-03 03:00:00,212.33,53601,46519,-7082
2022-01-03 04:00:00,256.43,61315,46479,-14836
2022-01-03 05:00:00,81.95,63230,46979,-16251
2022-01-03 06:00:00,237.77,62641,57754,-4887
2022-01-03 07:00:00,167.59,53947,55070,1123
2022-01-03 08:00:00,268.77,53727,45449,-8278
2022-01-03 09:00:00,138.36,58361,63140,4779
2022-01-03 10:00:00,207.29,63679,58953,-4726
2022-01-03 11:00:00,256.06,59348,51163,-8185
2022-01-03 12:00:00,72.67,64909,45864,-19045
2022-01-03 13:00:00,187.59,52820,52964,144
2022-01-03 14:00:00,168.19,51170,48093,-3077
2022-01-03 15:00:00,179.7,55063,55247,184
2022-01-03 16:00:00,223.52,48932,61100,12168
2022-01-03 17:00:00,84.36,50188,52674,2486
2022-01-03 18:00:00,142.69,46594,53145,6551
2022-01-03 19:00:00,131.11,61555,61744,189
2022-01-03 20:00:00,85.98,54532,61960,7428
2022-01-03 21:00:00,213.59,55647,51651,-3996
2022-01-03 22:00:00,58.3,59939,60976,1037
2022-01-03 23:00:00,66.05,48153,57456,9303
2022-01-04 00:00:00,115.09,48648,52694,4046
2022-01-04 01:00:00,159.75,47450,56380,8930
2022-01-04 02:00:00,167.31,56878,64293,7415
2022-01-04 03:00:00,55.24,46749,56574,9825
2022-01-04 04:00:00,120.19,45072,47560,2488
2022-01-04 05:00:00,53.81,49767,52493,2726
2022-01-04 06:00:00,146.23,49013,60860,11847
2022-01-04 07:00:00,67.63,58581,65922,7341
2022-01-04 08:00:00,171.92,60638,44271,-16367
2022-01-04 09:00:00,78.15,57385,63051,5666
2022-01-04 10:00:00,234.03,46748,49130,2382
2022-01-04 11:00:00,151.72,45009,57608,12599
2022-01-04 12:00:00,203.42,54938,65581,10643
2022-01-04 13:00:00,129.6,54268,47448,-6820
2022-01-04 14:00:00,97.92,63037,45063,-17974
2022-01-04 15:00:00,248.37,51057,65990,14933
2022-01-04 16:00:00,175.73,53660,53645,-15
2022-01-04 17:00:00,191.62,61265,60202,-1063
2022-01-04 18:00:00,104.62,57181,48964,-8217
2022-01-04 19:00:00,191.83,55337,48928,-6409
2022-01-04 20:00:00,101.1,52023,46504,-5519
2022-01-04 21:00:00,134.66,50512,58434,7922
2022-01-04 22:00:00,298.39,58671,61846,3175
2022-01-04 23:00:00,74.57,47367,57385,10018
2022-01-05 00:00:00,276.58,61880,45824,-16056
2022-01-05 01:00:00,124.28,46135,65932,19797
2022-01-05 02:00:00,152.05,49485,45409,-4076
2022-01-05 03:00:00,256.96,60358,59296,-1062
2022-01-05 04:00:00,268.05,63513,64076,563
2022-01-05 05:00:00,198.24,46190,46507,317
2022-01-05 06:00:00,100.66,53761,46895,-6866
2022-01-05 07:00:00,227.01,49293,55025,5732
2022-01-05 08:00:00,54.75,46967,56061,9094
2022-01-05 09:00:00,272.62,59218,52440,-6778
2022-01-05 10:00:00,145.43,61915,56301,-5614
2022-01-05 11:00:00,113.81,61165,59691,-1474
2022-01-05 12:00:00,123.78,47269,48707,1438
2022-01-05 13:00:00,82.24,58030,54524,-3506
2022-01-05 14:00:00,137.55,63011,47643,-15368
2022-01-05 15:00:00,80.29,53702,57047,3345
2022-01-05 16:00:00,197.67,45037,62646,17609
2022-01-05 17:00:00,189.62,49184,50875,1691
2022-01-05 18:00:00,80.48,48206,53248,5042
2022-01-05 19:00:00,228.84,57635,49963,-7672
2022-01-05 20:00:00,248.37,49136,48941,-195
2022-01-05 21:00:00,194.53,45647,63153,17506
2022-01-05 22:00:00,117.94,49262,58337,9075
2022-01-05 23:00:00,234.55,51610,44391,-7219
2022-01-06 00:00:00,172.44,51020,44998,-6022
2022-01-06 01:00:00,172.11,63596,50634,-12962
2022-01-06 02:00:00,99.62,51534,52144,610
2022-01-06 03:00:00,205.28,53506,60515,7009
2022-01-06 04:00:00,259.27,61861,59854,-2007
2022-01-06 05:00:00,281.67,64195,54849,-9346
2022-01-06 06:00:00,169.93,61749,52567,-9182
2022-01-06 07:00:00,117.99,53576,61643,8067
2022-01-06 08:00:00,85.69,52696,60142,7446
2022-01-06 09:00:00,140.37,49314,59575,10261
2022-01-06 10:00:00,105.11,52012,51871,-141
2022-01-06 11:00:00,125.53,62540,52681,-9859
2022-01-06 12:00:00,135.48,57078,51645,-5433
2022-01-06 13:00:00,138.23,60180,51673,-8507
2022-01-06 14:00:00,87.79,47457,54910,7453
2022-01-06 15:00:00,250.57,51895,47199,-4696
2022-01-06 16:00:00,157.56,55105,52015,-3090
2022-01-06 17:00:00,202.63,58092,57358,-734
2022-01-06 18:00:00,292.24,46567,53535,6968
2022-01-06 19:00:00,121.16,53854,50706,-3148
2022-01-06 20:00:00,85.2,49675,49259,-416
2022-01-06 21:00:00,181.26,50649,51348,699
2022-01-06 22:00:00,58.79,61705,54715,-6990
2022-01-06 23:00:00,289.68,49262,48522,-740
2022-01-07 00:00:00,106.49,62899,63022,123
2022-01-07 01:00:00,230.49,50810,52320,1510
2022-01-07 02:00:00,52.22,56417,59126,2709
2022-01-07 03:00:00,143.62,46143,59416,13273
2022-01-07 04:00:00,195.98,55546,61202,5656
2022-01-07 05:00:00,257.21,54860,56468,1608
2022-01-07 06:00:00,198.56,60743,54704,-6039
2022-01-07 07:00:00,294.96,47670,57310,9640
2022-01-07 08:00:00,199.84,54735,47292,-7443
2022-01-07 09:00:00,184.31,62454,64728,2274
2022-01-07 10:00:00,110.5,46943,62829,15886
2022-01-07 11:00:00,197.43,49802,46306,-3496
2022-01-07 12:00:00,213.39,61560,65762,4202
2022-01-07 13:00:00,199.39,53466,44637,-8829
2022-01-07 14:00:00,76.79,54860,65847,10987
2022-01-07 15:00:00,88.16,49725,56639,6914
2022-01-07 16:00:00,217.26,46532,58552,12020
2022-01-07 17:00:00,172.43,59349,54529,-4820
2022-01-07 18:00:00,144.38,45953,51721,5768
2022-01-07 19:00:00,135.1,46329,45808,-521
2022-01-07 20:00:00,86.15,54942,52136,-2806
2022-01-07 21:00:00,274.88,57464,48309,-9155
2022-01-07 22:00:00,60.21,60588,59415,-1173
2022-01-07 23:00:00,246.77,55357,45183,-10174
2022-01-08 00:00:00,137.06,64695,61485,-3210
2022-01-08 01:00:00,85.48,45862,54708,8846
2022-01-08 02:00:00,92.39,45192,57028,11836
2022-01-08 03:00:00,173.58,52047,47918,-4129
2022-01-08 04:00:00,234.71,59307,64909,5602
2022-01-08 05:00:00,146.27,49063,53232,4169
2022-01-08 06:00:00,97.13,62491,63494,1003
2022-01-08 07:00:00,249.73,50618,65437,14819
2022-01-08 08:00:00,284.01,45937,57386,11449
2022-01-08 09:00:00,50.12,62247,47971,-14276
2022-01-08 10:00:00,187.67,54873,61273,6400
2022-01-08 11:00:00,111.22,50282,50368,86
2022-01-08 12:00:00,200.96,60497,63029,2532
2022-01-08 13:00:00,119.65,56148,59673,3525
2022-01-08 14:00:00,288.74,47609,57705,10096
2022-01-08 15:00:00,194.4,61468,62612,1144
2022-01-08 16:00:00,93.61,45564,54556,8992
2022-01-08 17:00:00,121.88,45079,64875,19796
2022-01-08 18:00:00,199.72,46287,44281,-2006
2022-01-08 19:00:00,239.51,45661,45077,-584
2022-01-08 20:00:00,277.64,48192,44946,-3246
2022-01-08 21:00:00,211.41,45234,60676,15442
2022-01-08 22:00:00,189.48,46229,45260,-969
2022-01-08 23:00:00,270.6,53039,55714,2675
2022-01-09 00:00:00,208.32,56397,51281,-5116
2022-01-09 01:00:00,224.82,54483,54689,206
2022-01-09 02:00:00,154.99,52165,52650,485
2022-01-09 03:00:00,248.35,52653,52619,-34
2022-01-09 04:00:00,159.84,48166,48356,190
2022-01-09 05:00:00,117.31,47366,64516,17150
2022-01-09 06:00:00,83.61,54932,50048,-4884
2022-01-09 07:00:00,80.75,63963,45383,-18580
2022-01-09 08:00:00,267.54,58400,61959,3559
2022-01-09 09:00:00,244.09,56923,60726,3803
2022-01-09 10:00:00,60.9,61671,50893,-10778
2022-01-09 11:00:00,258.38,50124,49136,-988
2022-01-09 12:00:00,266.19,53753,46551,-7202
2022-01-09 13:00:00,199.2,63694,47248,-16446
2022-01-09 14:00:00,223.67,48692,45039,-3653
2022-01-09 15:00:00,148.97,56158,47306,-8852
2022-01-09 16:00:00,219.44,59143,48174,-10969
2022-01-09 17:00:00,88.96,54600,46358,-8242
2022-01-09 18:00:00,54.96,63876,64815,939
2022-01-09 19:00:00,191.17,53649,49931,-3718
2022-01-09 20:00:00,237.94,51053,48401,-2652
2022-01-09 21:00:00,84.18,54222,53211,-1011
2022-01-09 22:00:00,131.77,47000,52429,5429
2022-01-09 23:00:00,237.22,47165,60472,13307
2022-01-10 00:00:00,176.04,60109,53169,-6940
2022-01-10 01:00:00,203.98,62486,49368,-13118
2022-01-10 02:00:00,126.44,48614,64972,16358
2022-01-10 03:00:00,291.67,55983,46246,-9737
2022-01-10 04:00:00,149.17,64574,54204,-10370
2022-01-10 05:00:00,78.98,57820,52709,-5111
2022-01-10 06:00:00,124.99,49124,49799,675
2022-01-10 07:00:00,135.77,60360,58510,-1850
2022-01-10 08:00:00,153.2,63718,48235,-15483
2022-01-10 09:00:00,174.37,56917,49573,-7344
2022-01-10 10:00:00,96.77,54383,60641,6258
2022-01-10 11:00:00,60.34,64477,44412,-20065
2022-01-10 12:00:00,78.7,45685,63678,17993
2022-01-10 13:00:00,274.09,62311,60552,-1759
2022-01-10 14:00:00,140.41,56291,64718,8427
2022-01-10 15:00:00,255.1,62719,65197,2478
2022-01-10 16:00:00,78.69,52165,60423,8258
2022-01-10 17:00:00,133.83,48228,45996,-2232
2022-01-10 18:00:00,247.33,60982,59489,-1493
2022-01-10 19:00:00,169.67,58144,65398,7254
2022-01-10 20:00:00,61.48,64482,54940,-9542
2022-01-10 21:00:00,221.0,46633,65499,18866
2022-01-10 22:00:00,207.96,58847,65165,6318
2022-01-10 23:00:00,190.08,51404,62380,10976
2022-01-11 00:00:00,282.25,64581,47999,-16582
2022-01-11 01:00:00,136.88,63605,47545,-16060
2022-01-11 02:00:00,81.53,61402,48258,-13144
2022-01-11 03:00:00,173.13,61174,59370,-1804
2022-01-11 04:00:00,189.55,46189,59917,13728
2022-01-11 05:00:00,141.75,51532,63245,11713
2022-01-11 06:00:00,105.64,48911,58084,9173
2022-01-11 07:00:00,203.67,48580,65783,17203
2022-01-11 08:00:00,181.78,60787,61770,983
2022-01-11 09:00:00,116.81,58936,61877,2941
2022-01-11 10:00:00,251.1,48009,49019,1010
2022-01-11 11:00:00,124.13,61379,65882,4503
2022-01-11 12:00:00,92.47,50967,52547,1580
2022-01-11 13:00:00,116.12,53757,62266,8509
2022-01-11 14:00:00,109.04,57174,51673,-5501
2022-01-11 15:00:00,146.63,58257,50773,-7484
2022-01-11 16:00:00,215.87,45781,57607,11826
2022-01-11 17:00:00,129.91,48281,53085,4804
2022-01-11 18:00:00,267.33,60411,59734,-677
2022-01-11 19:00:00,126.06,55587,55065,-522
2022-01-11 20:00:00,119.47,59707,59407,-300
2022-01-11 21:00:00,226.62,53510,56165,2655
2022-01-11 22:00:00,203.21,64829,57201,-7628
2022-01-11 23:00:00,211.92,51704,44435,-7269
2022-01-12 00:00:00,109.87,48685,59765,11080
2022-01-12 01:00:00,247.68,51154,51014,-140
2022-01-12 02:00:00,85.7,51647,45706,-5941
2022-01-12 03:00:00,231.15,59916,48941,-10975
2022-01-12 04:00:00,124.22,61892,62483,591
2022-01-12 05:00:00,71.83,49551,48291,-1260
2022-01-12 06:00:00,202.43,54475,46902,-7573
2022-01-12 07:00:00,181.09,64695,46345,-18350
2022-01-12 08:00:00,111.04,56772,58775,2003
2022-01-12 09:00:00,144.77,49161,57236,8075
2022-01-12 10:00:00,249.5,47914,55832,7918
2022-01-12 11:00:00,60.97,51798,63015,11217
2022-01-12 12:00:00,295.06,64222,54956,-9266
2022-01-12 13:00:00,245.79,45140,44875,-265
2022-01-12 14:00:00,54.22,49016,50560,1544
2022-01-12 15:00:00,162.23,64023,48387,-15636
2022-01-12 16:00:00,201.25,55563,57370,1807
2022-01-12 17:00:00,222.18,55185,51158,-4027
2022-01-12 18:00:00,180.15,62738,53672,-9066
2022-01-12 19:00:00,119.91,47322,63501,16179
2022-01-12 20:00:00,191.41,60137,60030,-107
2022-01-12 21:00:00,114.21,61138,58566,-2572
2022-01-12 22:00:00,90.23,62438,53098,-9340
2022-01-12 23:00:00,292.21,62980,48992,-13988
2022-01-13 00:00:00,281.31,50901,64159,13258
2022-01-13 01:00:00,122.72,59305,54041,-5264
2022-01-13 02:00:00,102.74,60314,59479,-835
2022-01-13 03:00:00,113.63,47596,53410,5814
2022-01-13 04:00:00,299.5,63288,60473,-2815
2022-01-13 05:00:00,71.28,50256,61740,11484
2022-01-13 06:00:00,157.24,63162,59133,-4029
2022-01-13 07:00:00,137.77,52953,56215,3262
2022-01-13 08:00:00,103.59,53629,48164,-5465
2022-01-13 09:00:00,168.66,50137,62610,12473
2022-01-13 10:00:00,127.08,50811,55699,4888
2022-01-13 11:00:00,178.83,64978,44477,-20501
2022-01-13 12:00:00,191.49,63006,47516,-15490
2022-01-13 13:00:00,162.63,57304,51932,-5372
2022-01-13 14:00:00,273.81,56295,54019,-2276
2022-01-13 15:00:00,231.65,57897,53358,-4539
2022-01-13 16:00:00,201.53,54404,59292,4888
2022-01-13 17:00:00,84.39,61826,48061,-13765
2022-01-13 18:00:00,162.04,54337,46713,-7624
2022-01-13 19:00:00,237.93,48905,61562,12657
2022-01-13 20:00:00,109.76,47380,55035,7655
2022-01-13 21:00:00,189.15,58216,51546,-6670
2022-01-13 22:00:00,137.42,57953,64206,6253
2022-01-13 23:00:00,266.31,52958,60503,7545
2022-01-14 00:00:00,109.45,52532,58551,6019
2022-01-14 01:00:00,84.36,48948,54015,5067
2022-01-14 02:00:00,297.7,63991,46866,-17125
2022-01-14 03:00:00,249.35,54747,61920,7173
2022-01-14 04:00:00,71.5,57061,50283,-6778
2022-01-14 05:00:00,255.05,62529,46423,-16106
2022-01-14 06:00:00,255.73,62238,52776,-9462
2022-01-14 07:00:00,217.53,58588,55887,-2701
2022-01-14 08:00:00,181.62,48990,51658,2668
2022-01-14 09:00:00,191.96,52334,48781,-3553
2022-01-14 10:00:00,156.96,53272,52721,-551
2022-01-14 11:00:00,54.81,50486,53875,3389
2022-01-14 12:00:00,77.89,62057,60323,-1734
2022-01-14 13:00:00,253.96,46589,62764,16175
2022-01-14 14:00:00,56.52,58162,52370,-5792
2022-01-14 15:00:00,299.75,60855,61021,166
2022-01-14 16:00:00,125.37,59485,56045,-3440
2022-01-14 17:00:00,267.11,63477,56753,-6724
2022-01-14 18:00:00,169.74,62616,44748,-17868
2022-01-14 19:00:00,58.92,49413,44360,-5053
2022-01-14 20:00:00,263.05,55479,52763,-2716
2022-01-14 21:00:00,299.97,64419,57501,-6918
2022-01-14 22:00:00,184.6,46001,56041,10040
2022-01-14 23:00:00,199.04,53438,64202,10764
2022-01-15 00:00:00,144.82,59416,58809,-607
2022-01-15 01:00:00,92.97,49963,62227,12264
2022-01-15 02:00:00,156.12,54074,53563,-511
2022-01-15 03:00:00,144.76,53130,61113,7983
2022-01-15 04:00:00,51.27,60734,45064,-15670
2022-01-15 05:00:00,192.22,64269,54177,-10092
2022-01-15 06:00:00,211.51,49575,58525,8950
2022-01-15 07:00:00,77.02,47781,57899,10118
2022-01-15 08:00:00,180.92,60624,59117,-1507
2022-01-15 09:00:00,229.42,62249,50489,-11760
2022-01-15 10:00:00,196.61,64061,64340,279
2022-01-15 11:00:00,226.07,62016,51512,-10504
2022-01-15 12:00:00,129.31,54241,62247,8006
2022-01-15 13:00:00,183.6,64601,45072,-19529
2022-01-15 14:00:00,250.98,45207,52864,7657
2022-01-15 15:00:00,60.67,59432,49229,-10203
2022-01-15 16:00:00,122.92,47402,46801,-601
2022-01-15 17:00:00,56.54,45450,60679,15229
2022-01-15 18:00:00,157.7,58671,59992,1321
2022-01-15 19:00:00,57.43,58704,54635,-4069
2022-01-15 20:00:00,280.6,49999,45762,-4237
2022-01-15 21:00:00,280.58,53286,63158,9872
2022-01-15 22:00:00,92.87,59647,53378,-6269
2022-01-15 23:00:00,277.13,60218,64373,4155
2022-01-16 00:00:00,171.91,48287,44627,-3660
2022-01-16 01:00:00,158.1,50888,64767,13879
2022-01-16 02:00:00,226.66,46294,64448,18154
2022-01-16 03:00:00,149.1,61897,63430,1533
2022-01-16 04:00:00,67.19,55769,56441,672
2022-01-16 05:00:00,196.84,60557,54860,-5697
2022-01-16 06:00:00,50.64,46987,63828,16841
2022-01-16 07:00:00,214.31,48624,65392,16768
2022-01-16 08:00:00,263.15,50893,63901,13008
2022-01-16 09:00:00,246.74,58962,60830,1868
2022-01-16 10:00:00,133.53,60210,54407,-5803
2022-01-16 11:00:00,139.26,47558,63936,16378
2022-01-16 12:00:00,61.32,64874,54626,-10248
2022-01-16 13:00:00,267.55,64777,57504,-7273
2022-01-16 14:00:00,107.78,45002,65472,20470
2022-01-16 15:00:00,274.78,63269,44813,-18456
2022-01-16 16:00:00,82.14,48514,60696,12182
2022-01-16 17:00:00,111.15,51058,62648,11590
2022-01-16 18:00:00,193.33,57112,54850,-2262
2022-01-16 19:00:00,66.04,45119,55573,10454
2022-01-16 20:00:00,248.62,57256,65604,8348
2022-01-16 21:00:00,53.44,60385,63849,3464
2022-01-16 22:00:00,256.22,47080,46006,-1074
2022-01-16 23:00:00,187.33,51836,63576,11740
2022-01-17 00:00:00,219.75,58494,47636,-10858
2022-01-17 01:00:00,298.11,49425,64250,14825
2022-01-17 02:00:00,143.47,54383,64069,9686
2022-01-17 03:00:00,169.63,48580,50282,1702
2022-01-17 04:00:00,216.28,63479,55272,-8207
2022-01-17 05:00:00,174.37,51748,57134,5386
2022-01-17 06:00:00,175.1,50291,53152,2861
2022-01-17 07:00:00,259.0,60416,52536,-7880
2022-01-17 08:00:00,269.15,51824,54962,3138
2022-01-17 09:00:00,56.7,51921,63919,11998
2022-01-17 10:00:00,200.22,55697,50667,-5030
2022-01-17 11:00:00,221.69,45007,47406,2399
2022-01-17 12:00:00,153.2,52075,47501,-4574
2022-01-17 13:00:00,184.92,59461,51386,-8075
2022-01-17 14:00:00,219.2,63368,46735,-16633
2022-01-17 15:00:00,257.79,45056,54054,8998
2022-01-17 16:00:00,199.82,47676,52324,4648
2022-01-17 17:00:00,144.74,59025,52193,-6832
2022-01-17 18:00:00,82.68,46687,63125,16438
2022-01-17 19:00:00,237.17,60828,60391,-437
2022-01-17 20:00:00,191.39,54036,55327,1291
2022-01-17 21:00:00,253.57,64872,45889,-18983
2022-01-17 22:00:00,59.23,64936,59579,-5357
2022-01-17 23:00:00,120.38,56960,58322,1362
2022-01-18 00:00:00,296.2,46204,48256,2052
2022-01-18 01:00:00,231.65,63508,65047,1539
2022-01-18 02:00:00,270.37,62753,56057,-6696
2022-01-18 03:00:00,224.16,56084,58740,2656
2022-01-18 04:00:00,122.92,47334,50255,2921
2022-01-18 05:00:00,215.99,59299,53510,-5789
2022-01-18 06:00:00,248.22,52998,52298,-700
2022-01-18 07:00:00,156.04,51909,51267,-642
2022-01-18 08:00:00,66.0,52937,63333,10396
2022-01-18 09:00:00,168.96,46215,49274,3059
2022-01-18 10:00:00,247.8,64261,59375,-4886
2022-01-18 11:00:00,274.99,46914,56384,9470
2022-01-18 12:00:00,184.64,60679,65075,4396
2022-01-18 13:00:00,59.03,50234,60263,10029
2022-01-18 14:00:00,234.46,64912,51227,-13685
2022-01-18 15:00:00,294.32,56144,58161,2017
2022-01-18 16:00:00,94.01,59204,48064,-11140
2022-01-18 17:00:00,91.75,62256,51157,-11099
2022-01-18 18:00:00,74.42,56118,53814,-2304
2022-01-18 19:00:00,62.48,49888,63660,13772
2022-01-18 20:00:00,200.04,60095,45400,-14695
2022-01-18 21:00:00,140.24,51414,52752,1338
2022-01-18 22:00:00,277.84,55528,54403,-1125
2022-01-18 23:00:00,126.65,61634,63725,2091
2022-01-19 00:00:00,202.85,50887,58820,7933
2022-01-19 01:00:00,82.05,47196,60243,13047
2022-01-19 02:00:00,162.34,57210,63040,5830
2022-01-19 03:00:00,87.46,60919,51752,-9167
2022-01-19 04:00:00,105.77,53546,56663,3117
2022-01-19 05:00:00,167.51,52237,47723,-4514
2022-01-19 06:00:00,131.59,50449,61110,10661
2022-01-19 07:00:00,73.49,54883,45467,-9416
2022-01-19 08:00:00,155.13,49827,65521,15694
2022-01-19 09:00:00,257.21,51271,49190,-2081
2022-01-19 10:00:00,279.12,49031,53207,4176
2022-01-19 11:00:00,123.91,55108,56030,922
2022-01-19 12:00:00,165.62,51270,58794,7524
2022-01-19 13:00:00,257.06,55095,57151,2056
2022-01-19 14:00:00,225.88,53137,60276,7139
2022-01-19 15:00:00,176.73,47747,63696,15949
2022-01-19 16:00:00,62.13,62204,56978,-5226
2022-01-19 17:00:00,142.27,61261,62950,1689
2022-01-19 18:00:00,256.61,62214,59967,-2247
2022-01-19 19:00:00,93.91,61182,55558,-5624
2022-01-19 20:00:00,84.06,52435,62203,9768
2022-01-19 21:00:00,194.31,60531,58048,-2483
2022-01-19 22:00:00,94.45,45178,64642,19464
2022-01-19 23:00:00,191.98,61621,59565,-2056
2022-01-20 00:00:00,187.97,53657,46194,-7463
2022-01-20 01:00:00,77.52,58764,47296,-11468
2022-01-20 02:00:00,236.57,53815,56607,2792
2022-01-20 03:00:00,213.94,57506,45770,-11736
2022-01-20 04:00:00,81.1,50307,49625,-682
2022-01-20 05:00:00,291.67,54386,53012,-1374
2022-01-20 06:00:00,169.22,56570,52866,-3704
2022-01-20 07:00:00,188.0,56913,61326,4413
2022-01-20 08:00:00,160.87,54206,61663,7457
2022-01-20 09:00:00,82.08,51019,57075,6056
2022-01-20 10:00:00,218.03,64234,59926,-4308
2022-01-20 11:00:00,123.63,63412,52784,-10628
2022-01-20 12:00:00,219.29,62824,58378,-4446
2022-01-20 13:00:00,81.14,63960,60444,-3516
2022-01-20 14:00:00,243.41,48330,47717,-613
2022-01-20 15:00:00,225.23,62144,64267,2123
2022-01-20 16:00:00,170.19,54700,50644,-4056
2022-01-20 17:00:00,149.67,47969,51302,3333
2022-01-20 18:00:00,236.74,55762,61574,5812
2022-01-20 19:00:00,222.88,64113,64532,419
2022-01-20 20:00:00,233.73,55055,49307,-5748
2022-01-20 21:00:00,83.66,51803,48414,-3389
2022-01-20 22:00:00,245.51,62850,52505,-10345
2022-01-20 23:00:00,229.46,50495,57165,6670
2022-01-21 00:00:00,82.71,52068,59701,7633
2022-01-21 01:00:00,235.95,50945,47763,-3182
2022-01-21 02:00:00,54.63,56540,59580,3040
2022-01-21 03:00:00,187.11,62459,61071,-1388
2022-01-21 04:00:00,190.95,48834,63843,15009
2022-01-21 05:00:00,185.29,47157,52395,5238
2022-01-21 06:00:00,80.4,54776,63509,8733
2022-01-21 07:00:00,112.84,51641,46585,-5056
2022-01-21 08:00:00,136.34,57316,61658,4342
2022-01-21 09:00:00,245.28,63915,54896,-9019
2022-01-21 10:00:00,77.37,64778,65725,947
2022-01-21 11:00:00,126.96,60184,62664,2480
2022-01-21 12:00:00,127.48,51847,53005,1158
2022-01-21 13:00:00,129.86,51039,44546,-6493
2022-01-21 14:00:00,120.72,49643,44280,-5363
2022-01-21 15:00:00,244.71,55803,57234,1431
2022-01-21 16:00:00,204.48,55928,59751,3823
2022-01-21 17:00:00,70.83,47225,45149,-2076
2022-01-21 18:00:00,78.34,52303,46034,-6269
2022-01-21 19:00:00,255.26,62202,57174,-5028
2022-01-21 20:00:00,112.85,64508,53375,-11133
2022-01-21 21:00:00,195.34,63484,54644,-8840
2022-01-21 22:00:00,170.19,64111,59291,-4820
2022-01-21 23:00:00,108.05,49003,53052,4049
2022-01-22 00:00:00,60.23,49033,53510,4477
2022-01-22 01:00:00,123.99,64924,64526,-398
2022-01-22 02:00:00,268.72,51456,44576,-6880
2022-01-22 03:00:00,257.23,50662,47645,-3017
2022-01-22 04:00:00,233.8,52351,56704,4353
2022-01-22 05:00:00,100.98,55354,51012,-4342
2022-01-22 06:00:00,234.61,53202,57984,4782
2022-01-22 07:00:00,87.52,50471,46193,-4278
2022-01-22 08:00:00,198.02,49167,52367,3200
2022-01-22 09:00:00,61.34,64240,65250,1010
2022-01-22 10:00:00,245.23,52470,51713,-757
2022-01-22 11:00:00,263.41,50958,54710,3752
2022-01-22 12:00:00,236.28,58639,47402,-11237
2022-01-22 13:00:00,174.08,59121,58556,-565
2022-01-22 14:00:00,229.37,46222,63415,17193
2022-01-22 15:00:00,194.83,55562,50681,-4881
2022-01-22 16:00:00,177.02,64344,62130,-2214
2022-01-22 17:00:00,85.22,53492,52128,-1364
2022-01-22 18:00:00,100.66,52793,45779,-7014
2022-01-22 19:00:00,170.08,52864,49434,-3430
2022-01-22 20:00:00,99.18,47308,51821,4513
2022-01-22 21:00:00,236.16,57297,47663,-9634
2022-01-22 22:00:00,158.21,51561,58619,7058
2022-01-22 23:00:00,190.22,62854,55389,-7465
2022-01-23 00:00:00,68.41,61612,49077,-12535
2022-01-23 01:00:00,54.93,56722,52577,-4145
2022-01-23 02:00:00,209.59,54216,52118,-2098
2022-01-23 03:00:00,239.76,46313,61066,14753
2022-01-23 04:00:00,145.06,54155,48452,-5703
2022-01-23 05:00:00,101.59,49650,51827,2177
2022-01-23 06:00:00,284.55,63675,53972,-9703
2022-01-23 07:00:00,72.63,56111,64416,8305
2022-01-23 08:00:00,78.89,60198,49383,-10815
2022-01-23 09:00:00,220.06,62461,51361,-11100
2022-01-23 10:00:00,222.03,64679,46758,-17921
2022-01-23 11:00:00,86.2,47373,59782,12409
2022-01-23 12:00:00,164.56,49983,62370,12387
2022-01-23 13:00:00,278.81,49943,61138,11195
2022-01-23 14:00:00,228.33,59653,47674,-11979
2022-01-23 15:00:00,270.46,63645,49047,-14598
2022-01-23 16:00:00,90.63,58717,58250,-467
2022-01-23 17:00:00,169.48,62638,49471,-13167
2022-01-23 18:00:00,242.27,55899,63835,7936
2022-01-23 19:00:00,82.16,56757,49622,-7135
2022-01-23 20:00:00,175.23,60380,51221,-9159
2022-01-23 21:00:00,162.49,54672,62373,7701
2022-01-23 22:00:00,125.48,54870,45237,-9633
2022-01-23 23:00:00,235.46,56171,47738,-8433
2022-01-24 00:00:00,289.9,52262,50131,-2131
2022-01-24 01:00:00,78.36,58126,51298,-6828
2022-01-24 02:00:00,55.12,51342,52407,1065
2022-01-24 03:00:00,213.09,60848,62743,1895
2022-01-24 04:00:00,50.75,51608,48940,-2668
2022-01-24 05:00:00,180.21,61270,62816,1546
2022-01-24 06:00:00,111.81,56027,60154,4127
2022-01-24 07:00:00,279.06,57191,50280,-6911
2022-01-24 08:00:00,194.95,63961,51571,-12390
2022-01-24 09:00:00,85.04,64377,54700,-9677
2022-01-24 10:00:00,62.85,64932,45723,-19209
2022-01-24 11:00:00,285.69,60316,47383,-12933
2022-01-24 12:00:00,122.26,51491,65006,13515
2022-01-24 13:00:00,108.88,50549,56187,5638
2022-01-24 14:00:00,189.0,45353,65683,20330
2022-01-24 15:00:00,191.56,49077,64537,15460
2022-01-24 16:00:00,207.37,47058,63000,15942
2022-01-24 17:00:00,97.06,49829,48240,-1589
2022-01-24 18:00:00,71.39,63505,47054,-16451
2022-01-24 19:00:00,244.53,64932,63463,-1469
2022-01-24 20:00:00,72.32,58978,60281,1303
2022-01-24 21:00:00,191.04,55366,51967,-3399
2022-01-24 22:00:00,85.02,50014,54459,4445
2022-01-24 23:00:00,291.77,50561,56187,5626
2022-01-25 00:00:00,63.85,47383,45347,-2036
2022-01-25 01:00:00,105.38,59831,56845,-2986
2022-01-25 02:00:00,168.06,59024,53271,-5753
2022-01-25 03:00:00,119.6,55821,50591,-5230
2022-01-25 04:00:00,84.17,56358,55239,-1119
2022-01-25 05:00:00,231.62,59253,46038,-13215
2022-01-25 06:00:00,187.25,64518,58681,-5837
2022-01-25 07:00:00,234.89,48087,46619,-1468
2022-01-25 08:00:00,189.84,55995,51453,-4542
2022-01-25 09:00:00,267.82,54570,48764,-5806
2022-01-25 10:00:00,217.31,52364,51201,-1163
2022-01-25 11:00:00,264.42,58324,62158,3834
2022-01-25 12:00:00,268.94,49850,44707,-5143
2022-01-25 13:00:00,142.75,45103,52976,7873
2022-01-25 14:00:00,207.36,62084,51870,-10214
2022-01-25 15:00:00,162.66,56208,60114,3906
2022-01-25 16:00:00,169.56,45367,44107,-1260
2022-01-25 17:00:00,142.43,46434,51411,4977
2022-01-25 18:00:00,61.98,57394,54315,-3079
2022-01-25 19:00:00,276.09,57359,53857,-3502
2022-01-25 20:00:00,84.33,45380,44794,-586
2022-01-25 21:00:00,116.98,56367,55481,-886
2022-01-25 22:00:00,231.13,57833,48879,-8954
2022-01-25 23:00:00,223.61,59905,53248,-6657
2022-01-26 00:00:00,72.48,52296,55464,3168
2022-01-26 01:00:00,121.8,53555,51983,-1572
2022-01-26 02:00:00,146.1,60792,61446,654
2022-01-26 03:00:00,197.02,45733,64376,18643
2022-01-26 04:00:00,56.59,55765,52488,-3277
2022-01-26 05:00:00,72.98,63219,59610,-3609
2022-01-26 06:00:00,104.44,61420,45692,-15728
2022-01-26 07:00:00,75.62,55212,48951,-6261
2022-01-26 08:00:00,109.04,52834,63694,10860
2022-01-26 09:00:00,187.68,59817,60212,395
2022-01-26 10:00:00,103.95,63442,59977,-3465
2022-01-26 11:00:00,99.17,60468,46064,-14404
2022-01-26 12:00:00,191.12,49712,59983,10271
2022-01-26 13:00:00,113.14,59131,51164,-7967
2022-01-26 14:00:00,202.61,55943,59016,3073
2022-01-26 15:00:00,234.03,56381,56917,536
2022-01-26 16:00:00,224.93,45164,58264,13100
2022-01-26 17:00:00,117.13,64216,53167,-11049
2022-01-26 18:00:00,285.5,58943,45481,-13462
2022-01-26 19:00:00,140.43,61402,48033,-13369
2022-01-26 20:00:00,188.59,47402,45157,-2245
2022-01-26 21:00:00,203.29,48307,62388,14081
2022-01-26 22:00:00,206.17,57561,62374,4813
2022-01-26 23:00:00,151.33,61022,54371,-6651
2022-01-27 00:00:00,257.83,45350,52626,7276
2022-01-27 01:00:00,234.93,56816,59443,2627
2022-01-27 02:00:00,111.83,63643,50336,-13307
2022-01-27 03:00:00,134.86,50010,58187,8177
2022-01-27 04:00:00,201.36,61970,59560,-2410
2022-01-27 05:00:00,209.69,58218,47423,-10795
2022-01-27 06:00:00,149.04,56438,58716,2278
2022-01-27 07:00:00,237.18,45398,53780,8382
2022-01-27 08:00:00,236.57,50558,61235,10677
2022-01-27 09:00:00,249.8,56080,50557,-5523
2022-01-27 10:00:00,233.67,51101,64511,13410
2022-01-27 11:00:00,212.91,52918,58239,5321
2022-01-27 12:00:00,51.42,56797,55409,-1388
2022-01-27 13:00:00,106.18,57557,62019,4462
2022-01-27 14:00:00,269.05,55706,48738,-6968
2022-01-27 15:00:00,204.17,56481,63099,6618
2022-01-27 16:00:00,264.94,56293,47746,-8547
2022-01-27 17:00:00,243.95,54648,65326,10678
2022-01-27 18:00:00,166.72,56111,60869,4758
2022-01-27 19:00:00,57.2,59385,61260,1875
2022-01-27 20:00:00,138.71,56894,48468,-8426
2022-01-27 21:00:00,97.18,53113,53025,-88
2022-01-27 22:00:00,74.59,53117,55980,2863
2022-01-27 23:00:00,150.58,46302,58484,12182
2022-01-28 00:00:00,210.32,63833,51219,-12614
2022-01-28 01:00:00,214.37,59495,56497,-2998
2022-01-28 02:00:00,51.52,51352,46108,-5244
2022-01-28 03:00:00,78.97,58948,58035,-913
2022-01-28 04:00:00,75.76,48877,53641,4764
2022-01-28 05:00:00,79.15,47572,44156,-3416
2022-01-28 06:00:00,109.92,53091,56685,3594
2022-01-28 07:00:00,171.17,54846,50116,-4730
2022-01-28 08:00:00,258.24,46429,45520,-909
2022-01-28 09:00:00,206.56,54519,55218,699
2022-01-28 10:00:00,127.67,58024,64357,6333
2022-01-28 11:00:00,288.18,60050,58621,-1429
2022-01-28 12:00:00,88.1,57284,56328,-956
2022-01-28 13:00:00,228.39,51004,61422,10418
2022-01-28 14:00:00,183.51,58215,61970,3755
2022-01-28 15:00:00,150.63,56354,58179,1825
2022-01-28 16:00:00,256.26,62911,63076,165
2022-01-28 17:00:00,289.49,51402,59023,7621
2022-01-28 18:00:00,263.1,49570,61368,11798
2022-01-28 19:00:00,293.6,63221,53841,-9380
2022-01-28 20:00:00,232.7,48157,45948,-2209
2022-01-28 21:00:00,162.19,57979,54207,-3772
2022-01-28 22:00:00,294.57,52471,48072,-4399
2022-01-28 23:00:00,103.58,54541,55660,1119
2022-01-29 00:00:00,262.3,64337,59905,-4432
2022-01-29 01:00:00,159.36,56822,45383,-11439
2022-01-29 02:00:00,106.07,52378,52558,180
2022-01-29 03:00:00,73.99,46265,47628,1363
2022-01-29 04:00:00,237.81,63351,65219,1868
2022-01-29 05:00:00,165.26,56259,52909,-3350
2022-01-29 06:00:00,290.14,50337,64373,14036
2022-01-29 07:00:00,222.4,60452,54742,-5710
2022-01-29 08:00:00,287.4,62232,54962,-7270
2022-01-29 09:00:00,235.36,46309,61646,15337
2022-01-29 10:00:00,68.29,57372,51379,-5993
2022-01-29 11:00:00,151.28,60525,57073,-3452
2022-01-29 12:00:00,225.39,47232,52318,5086
2022-01-29 13:00:00,253.89,48580,57200,8620
2022-01-29 14:00:00,225.29,46790,45603,-1187
2022-01-29 15:00:00,53.81,45663,49967,4304
2022-01-29 16:00:00,171.7,46504,62508,16004
2022-01-29 17:00:00,221.72,54598,46583,-8015
2022-01-29 18:00:00,55.61,51386,65593,14207
2022-01-29 19:00:00,227.16,61054,60647,-407
2022-01-29 20:00:00,270.7,46195,65042,18847
2022-01-29 21:00:00,248.8,46482,61820,15338
2022-01-29 22:00:00,243.04,62292,45260,-17032
2022-01-29 23:00:00,243.44,49605,45148,-4457
2022-01-30 00:00:00,114.98,48885,45986,-2899
2022-01-30 01:00:00,161.95,56846,53151,-3695
2022-01-30 02:00:00,263.63,50176,53844,3668
2022-01-30 03:00:00,89.14,52030,54885,2855
2022-01-30 04:00:00,161.91,51620,52455,835
2022-01-30 05:00:00,120.6,55506,57514,2008
2022-01-30 06:00:00,295.25,49211,48954,-257
2022-01-30 07:00:00,235.58,53820,63361,9541
2022-01-30 08:00:00,227.61,53939,65978,12039
2022-01-30 09:00:00,125.65,55509,60735,5226
2022-01-30 10:00:00,216.59,55564,55040,-524
2022-01-30 11:00:00,146.41,62441,63912,1471
2022-01-30 12:00:00,218.34,50018,47859,-2159
2022-01-30 13:00:00,117.37,61724,61723,-1
2022-01-30 14:00:00,189.65,63184,49596,-13588
2022-01-30 15:00:00,204.3,58499,57121,-1378
2022-01-30 16:00:00,155.3,57089,47230,-9859
2022-01-30 17:00:00,113.66,51923,45986,-5937
2022-01-30 18:00:00,148.22,50587,49085,-1502
2022-01-30 19:00:00,62.96,54664,57511,2847
2022-01-30 20:00:00,60.64,45391,65989,20598
2022-01-30 21:00:00,151.66,63212,56463,-6749
2022-01-30 22:00:00,205.11,59245,49797,-9448
2022-01-30 23:00:00,228.84,45017,49846,4829
